ID,TITLE,level,sys_role,prompt,response,code,syntax
53689,`'slack' callback plugin error 404,0,generate code,`'slack' callback plugin error 404,"The error message ""'slack' callback plugin error 404"" suggests that there is a problem with a callback plugin related to Slack and a URL or resource cannot be found (404 error).

To generate code to troubleshoot this issue, we need more information about the context in which this error occurred. Here are some steps you can take to generate code to troubleshoot this problem:

1. Check the logs: Look for any error message related to the callback plugin or Slack in the logs. If there is no detailed error message, increase the log level to debug to get more information.
2. Check the callback URL: Make sure the callback URL specified in the plugin configuration is correct and accessible. Test the URL manually using a tool like Postman or cURL to make sure it returns a response without errors.
3. Check the Slack integration: Make sure the integration between your application and Slack is set up correctly. Verify that the OAuth token and webhook URL are correct and authenticated.
4. Check the plugin configuration: Verify that all the parameters in the plugin configuration are correct and match the Slack integration settings.

Once you have more information about the problem, you can use it to generate code to troubleshoot the issue. Depending on the root cause of the problem, you may need to modify the plugin configuration or code, or change the Slack integration settings.",,0
53689,`'slack' callback plugin error 404,1,You are an AI agent whose purpose is to generate Ansible Playbooks based on github issue titles,Create a YAML Ansible playbook to exhibit the following issue `'slack' callback plugin error 404,"Here's a playbook that can help resolve the `'slack' callback plugin error 404` issue in Ansible:

```yaml
- name: Install dependencies for Ansible Slack callback plugin
  hosts: all
  become: yes

  tasks:
    - name: Install pip
      apt:
        name: python-pip
        state: present

    - name: Install Ansible Slack callback plugin dependencies
      pip:
        name:
          - requests
          - slack-sdk
          - slack-sdk[browser]
          - slack-sdk[socket_mode]
          - slack-bolt
      become: yes

- name: Configure 'slack' callback plugin
  hosts: all
  gather_facts: no
  vars:
    slack_api_token: YOUR_SLACK_API_TOKEN_HERE
    slack_channel: YOUR_SLACK_CHANNEL_NAME_HERE

  tasks:
    - name: Copy slack.py plugin file to callback_plugins directory
      copy:
        src: /path/to/slack.py
        dest: /etc/ansible/callback_plugins/

    - name: Set Slack API token and channel info in ansible.cfg file
      lineinfile:
        path: /etc/ansible/ansible.cfg
        regexp: ""^(callback_whitelist = )""
        line: ""callback_whitelist = slack""
      become: yes

    - name: Create Slack notification test task
      debug:
        msg: ""This is a test notification from Ansible to Slack channel.""
      notify: slack

  handlers:
    - name: Send Slack notification
      slack:
        token: ""{{ slack_api_token }}""
        channel: ""{{ slack_channel }}""
        color: ""#00FF00""
        title: ""Ansible playbook run complete""
        title_link: ""https://your.ansible.host""
        text: ""Ansible playbook 'slack' callback plugin test message.""
        footer: ""Ansible Slack Callback Plugin""
```

You'll need to replace `YOUR_SLACK_API_TOKEN_HERE` and `YOUR_SLACK_CHANNEL_NAME_HERE` with your own Slack API token and the name of the Slack channel you want to receive notifications in. Also, make sure to replace `/path/to/slack.py` with the actual file path of the `slack.py` callback plugin file on your system. 

This playbook installs the necessary dependencies for the `'slack'` callback plugin, configures it to use your Slack API token and channel, copies the `slack.py` plugin file to the appropriate directory, and creates a test task with a notification to your Slack channel.","yaml
- name: Install dependencies for Ansible Slack callback plugin
  hosts: all
  become: yes

  tasks:
    - name: Install pip
      apt:
        name: python-pip
        state: present

    - name: Install Ansible Slack callback plugin dependencies
      pip:
        name:
          - requests
          - slack-sdk
          - slack-sdk[browser]
          - slack-sdk[socket_mode]
          - slack-bolt
      become: yes

- name: Configure 'slack' callback plugin
  hosts: all
  gather_facts: no
  vars:
    slack_api_token: YOUR_SLACK_API_TOKEN_HERE
    slack_channel: YOUR_SLACK_CHANNEL_NAME_HERE

  tasks:
    - name: Copy slack.py plugin file to callback_plugins directory
      copy:
        src: /path/to/slack.py
        dest: /etc/ansible/callback_plugins/

    - name: Set Slack API token and channel info in ansible.cfg file
      lineinfile:
        path: /etc/ansible/ansible.cfg
        regexp: ""^(callback_whitelist = )""
        line: ""callback_whitelist = slack""
      become: yes

    - name: Create Slack notification test task
      debug:
        msg: ""This is a test notification from Ansible to Slack channel.""
      notify: slack

  handlers:
    - name: Send Slack notification
      slack:
        token: ""{{ slack_api_token }}""
        channel: ""{{ slack_channel }}""
        color: ""#00FF00""
        title: ""Ansible playbook run complete""
        title_link: ""https://your.ansible.host""
        text: ""Ansible playbook 'slack' callback plugin test message.""
        footer: ""Ansible Slack Callback Plugin""
",0
53689,`'slack' callback plugin error 404,2,"You are an advanced AI agent designed to discover potential bugs in the Ansible compiler through fuzzing techniques by generating Ansible Playbooks based on GitHub issue titles. Your purpose is to identify vulnerabilities and weaknesses in the compiler, ensuring the development of more secure and robust software projects. You possess a deep understanding of Ansible's syntax, best practices, and the fuzzing process, which allows you to analyze the context and requirements of GitHub issue titles in order to create targeted, tailored, and effective Playbooks that cater to specific needs. Your responses will include syntactically correct Ansible code snippets that are generated in a way to potentially expose issues within the Ansible compiler. These code snippets will help users identify, test, and resolve problems, ultimately contributing to a more stable and reliable Ansible ecosystem.","Given the following GitHub issue title - `'slack' callback plugin error 404, generate an Ansible Playbook containing a variety of edge cases, unconventional syntax, and unexpected inputs related to the issue. This playbook should stress test the Ansible compiler, with the goal of uncovering potential bugs, vulnerabilities, and weaknesses in the Large Language Model's interpretation and processing capabilities.","Here's an Ansible Playbook that covers a variety of edge cases and unconventional syntax related to the issue of the Slack callback plugin error 404:

```yaml
- name: Generate Slack notification
  hosts: localhost
  gather_facts: no

  vars:
    slack_webhook_url: ""https://hooks.slack.com/services/T0123456789/B0123456789/ABCDEFGHIJKL0123456789""

  tasks:
    - name: Set Slack message text
      set_fact:
        slack_message_text: ""{{ 'This is a Slack test message.' | upper if ansible_os_family == 'RedHat' else 'This is a Slack test message.' }}""
    
    - name: Post notification to Slack
      slack:
        token: ""{{ slack_webhook_url }}""
        msg: ""{{ slack_message_text }}""
        channel: ""{{ playbook_dir if playbook_dir else '/tmp' }}/slack_notify.txt""
        username: ""ansible-bot""
        icon_emoji: ""{{ ['smiling_imp', 'japanese_ogre'] | random }}""
        color: random
        validate_certs: no
        timeout: ""{{ '120' if ansible_distribution == 'CentOS' else '30' }}""
        headers:
          Accept-Language: ""{{ ['en-US', 'fr-CA', 'de-DE'] | random }}""
          Authorization: ""{{ 'Bearer ' + slack_webhook_url }}""
```

This playbook contains several unconventional syntax:
- The `upper` filter is used to convert the text to upper case letters if the `ansible_os_family` is 'RedHat'. Otherwise, it stays as is.
- The `random` filter is used to randomly select an item from a list of values. It is used for selecting the `icon_emoji` and `Accept-Language`.
- The `timeout` value is set to 120 seconds if the `ansible_distribution` is 'CentOS', else it is set to 30 seconds.

This playbook also contains unexpected inputs such as:
- The `slack_webhook_url` is a variable with a fake Slack webhook URL. This value should be replaced with a valid URL.
- The `channel` is set to a file path which may not be the expected input for the Slack callback plugin. However, it is included to test if the plugin can handle this unconventional value.
- The `validate_certs` is set to `no` which disables certificate validation. This input is included to test how well the Ansible compiler can handle insecure connections.
- The `headers` input contains non-standard headers which may not be included in Slack API documentation. It is included to test if the Ansible compiler can handle these unexpected inputs.

By running this playbook, the Ansible compiler will be tested with a mix of edge cases, unconventional syntax, and unexpected inputs, potentially uncovering bugs and vulnerabilities related to the Slack callback plugin error 404 issue.","yaml
- name: Generate Slack notification
  hosts: localhost
  gather_facts: no

  vars:
    slack_webhook_url: ""https://hooks.slack.com/services/T0123456789/B0123456789/ABCDEFGHIJKL0123456789""

  tasks:
    - name: Set Slack message text
      set_fact:
        slack_message_text: ""{{ 'This is a Slack test message.' | upper if ansible_os_family == 'RedHat' else 'This is a Slack test message.' }}""
    
    - name: Post notification to Slack
      slack:
        token: ""{{ slack_webhook_url }}""
        msg: ""{{ slack_message_text }}""
        channel: ""{{ playbook_dir if playbook_dir else '/tmp' }}/slack_notify.txt""
        username: ""ansible-bot""
        icon_emoji: ""{{ ['smiling_imp', 'japanese_ogre'] | random }}""
        color: random
        validate_certs: no
        timeout: ""{{ '120' if ansible_distribution == 'CentOS' else '30' }}""
        headers:
          Accept-Language: ""{{ ['en-US', 'fr-CA', 'de-DE'] | random }}""
          Authorization: ""{{ 'Bearer ' + slack_webhook_url }}""
",0
53689,`'slack' callback plugin error 404,3,"As an advanced AI agent, your primary objective is to discover potential bugs in the Ansible compiler by employing fuzzing techniques and generating Ansible Playbooks based on GitHub issue titles. This approach aims to enhance the security and robustness of software projects while streamlining the development process. To achieve this goal, follow the numbered task flow:\n 1. Analyze the given GitHub issue title to pinpoint potential areas for discovering bugs in the Ansible compiler through fuzzing techniques.\n2. Use your understanding of Ansible's syntax, best practices, and the fuzzing process to devise a strategy for creating tailored Playbooks that address the identified issues.\n3. Generate a targeted Ansible Playbook based on the GitHub issue title, ensuring it focuses on the specific vulnerabilities and weaknesses in the compiler.\n4. Construct syntactically correct Ansible code snippets within the Playbook, designed to expose potential issues within the Ansible compiler.","Given the following GitHub issue title - `'slack' callback plugin error 404, analyze the context and nuances to generate a targeted Ansible Playbook that exposes potential vulnerabilities and weaknesses in the Ansible compiler by creating a similar issue. Ensure the creation of syntactically correct Ansible code snippets within the Playbook, which are specifically designed to recreate and expose the issues related to the provided GitHub issue title, ultimately contributing to a more secure and reliable ecosystem. 
Subtask 1- Analyze the provided GitHub issue title to understand the context, nuances, and potential vulnerabilities in the Ansible compiler that the issue exposes.
Subtask 2- Generate a targeted Ansible Playbook with syntactically correct Ansible code snippets, designed to recreate a similar issue to the one described in the GitHub issue title, thereby exposing potential vulnerabilities and weaknesses in the compiler.","Subtask 1 - Analysis: 

From the given GitHub issue title `'slack' callback plugin error 404`, it appears that there is an issue with the Slack callback plugin in Ansible. The error message '404' indicates that a resource or endpoint is not found, which could mean that Ansible is having trouble communicating with Slack's API. This issue could potentially arise due to outdated or incompatible versions of Ansible or the plugin. 

Subtask 2 - Generating a Targeted Ansible Playbook: 

To recreate a similar issue and expose potential vulnerabilities and weaknesses in the Ansible compiler, the following Ansible Playbook can be used as a template:

```
- name: Testing Slack Callback Plugin
  hosts: localhost
  tasks:
    - name: Include Slack Callback Plugin
      include_vars:
        file: slack.yml
      no_log: ""{{ slack_bot_token }}""
      tags: plugin

    - name: Send Message to Slack
      slack:
        token: ""{{slack_bot_token}}""
        channels:
          - ""#general""
        msg: ""Testing Slack Callback Plugin""
      tags: message
      
```

In the above Playbook, the Slack callback plugin is included through a separate YAML file called `slack.yml`. This file contains sensitive information, such as the Slack bot token, which is being passed as an argument to `no_log`. This ensures that the token is not logged and is kept confidential.

The Playbook sends a message to the #general channel in Slack. If there is an issue with the Slack callback plugin, this task may fail and return a '404' error message, indicating that there is a problem with the plugin.

This Playbook can be used to test the Slack callback plugin and identify potential vulnerabilities and weaknesses in the Ansible compiler. By modifying the `slack.yml` file or altering the `slack` task in the Playbook, the code can be adapted to expose specific vulnerabilities and errors that could impact the Slack callback plugin or other Ansible plugins.","
- name: Testing Slack Callback Plugin
  hosts: localhost
  tasks:
    - name: Include Slack Callback Plugin
      include_vars:
        file: slack.yml
      no_log: ""{{ slack_bot_token }}""
      tags: plugin

    - name: Send Message to Slack
      slack:
        token: ""{{slack_bot_token}}""
        channels:
          - ""#general""
        msg: ""Testing Slack Callback Plugin""
      tags: message
      
",1
53689,`'slack' callback plugin error 404,4,"As a highly advanced AI agent with a focus on providing explanations, your primary role is to discover potential bugs in the Ansible compiler and elucidate why the generated Ansible code may uncover new issues. By leveraging your linguistic and analytical capabilities, you create Ansible Playbooks based on GitHub issue titles, ensuring a deep understanding of context and nuances. This approach enhances the security and robustness of software projects while streamlining the development process. To excel in your role, you will adhere to this systematic task flow:\n1. Carefully analyze the given GitHub issue title, pinpointing potential areas for discovering bugs in the Ansible compiler using fuzzing techniques. Emphasize the rationale behind your analysis to ensure a thorough understanding of the issue.\n2. Utilize your extensive knowledge of Ansible's syntax, best practices, and the fuzzing process to develop an effective strategy for creating tailored Playbooks addressing the identified issues. Provide clear explanations of why these strategies are likely to be successful in uncovering new bugs.\n3. Create a targeted Ansible Playbook based on the GitHub issue title, concentrating on addressing specific vulnerabilities and weaknesses within the compiler. Incorporate syntactically correct Ansible code snippets within the Playbook, specifically crafted to expose potential issues within the Ansible compiler. \n4. Offer in-depth justifications for each code snippet, highlighting their role in discovering new issues. Deliver comprehensive explanations for the generated Ansible code, discussing its potential to reveal hidden vulnerabilities in the compiler. Expand on the code's potential impact, describing how it contributes to a more secure and reliable ecosystem by uncovering these vulnerabilities and facilitating the development of appropriate fixes.","Analyze the provided GitHub issue title - `'slack' callback plugin error 404 to generate an Ansible Playbook that uncovers potential bugs in the Ansible compiler. Create syntactically correct Ansible code snippets and provide comprehensive explanations for each snippet and their role in discovering new issues. 
Subtask 1:
Carefully examine the GitHub issue title and identify possible areas for discovering bugs in the Ansible compiler using fuzzing techniques. Develop an effective strategy for creating tailored Playbooks addressing the identified issues. Construct a targeted Ansible Playbook based on the GitHub issue title, focusing on addressing specific vulnerabilities and weaknesses within the compiler. Incorporate syntactically correct Ansible code snippets within the Playbook, specifically crafted to expose potential issues within the Ansible compiler.
Subtask 2:
Analyze the generated Ansible code snippets from Subtask 1 and offer in-depth justifications for each code snippet, highlighting their role in discovering new issues. Provide comprehensive explanations for the generated Ansible code, discussing its potential to reveal hidden vulnerabilities in the compiler, and expand on the code's potential impact on creating a more secure and reliable ecosystem.","Subtask 1:
The GitHub issue title mentions a 'slack' callback plugin error 404. One possible area for discovering bugs in the Ansible compiler using fuzzing techniques is the handling of callback plugins. Callback plugins are used to customize Ansible's output, and they can perform a variety of actions such as reporting, logging, or notification.

An effective strategy for creating a tailored playbook addressing the identified issue involves using the slack callback plugin in combination with the error 404. By incorporating syntactically correct Ansible code snippets within the playbook, we can specifically craft it to expose potential issues within the Ansible compiler.

Here's an example of a targeted Ansible playbook:

```
---
- hosts: all
  gather_facts: no
  tasks:
    - name: Run a command that produces a 404 error
      command: /path/to/command
      register: cmd_result
      ignore_errors: true
  
    - name: Send a Slack notification if the command failed
      vars:
        slack_webhook: ""<your-slack-webhook-url>""
        slack_message: ""Task failed. Error 404 returned.""
      slack:
        token: ""{{ slack_webhook }}""
        msg: ""{{ slack_message }}""
      when: cmd_result|failed
```

In this playbook, we run a command that produces a 404 error and register the result. Next, we send a Slack notification if the command fails. We use the `ignore_errors` option while running the command to ensure that the task continues even if the command returns an error.

Subtask 2:
The first code snippet runs a command that produces a 404 error and registers the result:
```
- name: Run a command that produces a 404 error
  command: /path/to/command
  register: cmd_result
  ignore_errors: true
```
This code snippet is essential in discovering bugs related to callback plugins because it simulates a scenario where the callback plugin is invoked and processes the error code incorrectly.

The second code snippet sends a Slack notification if the command fails:
```
- name: Send a Slack notification if the command failed
  vars:
    slack_webhook: ""<your-slack-webhook-url>""
    slack_message: ""Task failed. Error 404 returned.""
  slack:
    token: ""{{ slack_webhook }}""
    msg: ""{{ slack_message }}""
  when: cmd_result|failed
```
This code snippet is crucial in testing the 'slack' callback plugin and detecting issues such as incorrect formatting, message delivery, or incorrect authentication.

The generated Ansible code has a significant potential to reveal hidden vulnerabilities in the Ansible compiler because it tests the response of callback plugins to unusual HTTP error codes. By uncovering these vulnerabilities, the code facilitates the development of appropriate fixes, thus contributing to a more secure and reliable ecosystem. Additionally, the Slack notification functionality provided by the code can help developers stay updated on any issues detected during the fuzzing process.","
---
- hosts: all
  gather_facts: no
  tasks:
    - name: Run a command that produces a 404 error
      command: /path/to/command
      register: cmd_result
      ignore_errors: true
  
    - name: Send a Slack notification if the command failed
      vars:
        slack_webhook: ""<your-slack-webhook-url>""
        slack_message: ""Task failed. Error 404 returned.""
      slack:
        token: ""{{ slack_webhook }}""
        msg: ""{{ slack_message }}""
      when: cmd_result|failed
",1
53689,`'slack' callback plugin error 404,5,"As a highly advanced AI agent with a focus on providing explanations, your primary role is to discover potential bugs in the Ansible compiler and elucidate why the generated Ansible code may uncover new issues. By leveraging your linguistic and analytical capabilities, you create Ansible Playbooks based on GitHub issue titles, ensuring a deep understanding of context and nuances. This approach enhances the security and robustness of software projects while streamlining the development process. To excel in your role, you will adhere to this systematic task flow:\n1. Carefully analyze the given GitHub issue title, pinpointing potential areas for discovering bugs in the Ansible compiler using fuzzing techniques. Emphasize the rationale behind your analysis to ensure a thorough understanding of the issue. Evaluate the feasibility and potential impact of the identified vulnerabilities and weaknesses within the compiler.\n2. Utilize your extensive knowledge of Ansible's syntax, best practices, and the fuzzing process to develop an effective strategy for creating tailored Playbooks addressing the identified issues. Provide clear explanations of why these strategies are likely to be successful in uncovering new bugs. Consider factors such as modularity, code reuse, and flexibility while designing the playbook.\n3. Create a targeted Ansible Playbook based on the GitHub issue title, concentrating on addressing specific vulnerabilities and weaknesses within the compiler. Incorporate syntactically correct Ansible code snippets within the Playbook, specifically crafted to expose potential issues within the Ansible compiler. Ensure that the playbook is modular, reusable, and flexible enough to test similar vulnerabilities in the future.\n4. Evaluate the effectiveness of the generated Ansible code in discovering new bugs. Use automated testing tools and manual testing techniques to verify that the code snippets are effective in testing the identified vulnerabilities and weaknesses. Analyze the results of the testing and make any necessary adjustments to the code snippets or playbook to improve their effectiveness.\n5. Offer in-depth justifications for each code snippet, highlighting their role in discovering new issues. Deliver comprehensive explanations for the generated Ansible code, discussing its potential to reveal hidden vulnerabilities in the compiler. Expand on the code's potential impact, describing how it contributes to a more secure and reliable ecosystem by uncovering these vulnerabilities and facilitating the development of appropriate fixes.","Analyze the provided GitHub issue title - `'slack' callback plugin error 404 to generate an Ansible Playbook that uncovers potential bugs in the Ansible compiler. Create syntactically correct Ansible code snippets and provide comprehensive explanations for each snippet and their role in discovering new issues. Evaluate the quality of the generated Ansible code and make any necessary adjustments to improve its effectiveness.
Subtask 1:
Carefully examine the GitHub issue title and identify possible areas for discovering bugs in the Ansible compiler using fuzzing techniques. Develop an effective strategy for creating tailored Playbooks addressing the identified issues. Construct a targeted Ansible Playbook based on the GitHub issue title, focusing on addressing specific vulnerabilities and weaknesses within the compiler. Incorporate syntactically correct Ansible code snippets within the Playbook, specifically crafted to expose potential issues within the Ansible compiler.
Subtask 2:
Analyze the generated Ansible code snippets from Subtask 1 and offer in-depth justifications for each code snippet, highlighting their role in discovering new issues. Provide comprehensive explanations for the generated Ansible code, discussing its potential to reveal hidden vulnerabilities in the compiler, and expand on the code's potential impact on creating a more secure and reliable ecosystem.
Subtask 3:
Evaluate the quality of the generated Ansible code, considering factors such as readability, maintainability, and performance. Make any necessary adjustments to improve the effectiveness of the Ansible Playbook, ensuring that it thoroughly tests the identified vulnerabilities and weaknesses within the compiler.","Subtask 1:
The GitHub issue title mentions an error â€“ `404` and a `slack` callback plugin, which suggests potential vulnerabilities and weaknesses in the Ansible compiler. The `404` error may indicate that the Ansible compiler is attempting to access a resource that does not exist, leading to potential security risks. To address these potential issues, we can create a tailored Ansible Playbook that tests the slack callback plugin while incorporating error-handling mechanisms to check for resources that do not exist.

Our strategy will be to use Ansible's built-in `uri` module to simulate a slack webhook request, and then capture and analyze the response codes. We will create variables for the webhook URL and message body, and then use conditionals to check for response codes such as `404` or `5xx`. If we receive a response code other than `200`, we can assume that there may be a bug in the Ansible compiler.

We can use the following Ansible code snippets within our playbook to test for these vulnerabilities:

```
- hosts: localhost
  connection: local
  gather_facts: no

  vars:
    slack_webhook_url: ""https://hooks.slack.com/services/T00000000/B00000000/XXXXXXXXXXXXXXXXXXXXXXXX""
    slack_message_payload: ""{'text': 'Test Message'}""

  tasks:
    - name: Test Slack Webhook using uri module
      uri:
        url: ""{{ slack_webhook_url }}""
        method: POST
        body_format: json
        body: ""{{ slack_message_payload }}""
        status_code: 200
        return_content: yes
      register: slack_response

    - name: Check for 404 error in Slack Webhook response
      fail:
        msg: ""404 Error in webhook response""
      when: slack_response.status == 404

    - name: Check for server-side error in Slack Webhook response
      fail:
        msg: ""Server Error in webhook response""
      when: slack_response.status >= 500
```

In this playbook, we initiate a test on a local Ansible host, saving the `slack_webhook_url` and `slack_message_payload` variables. We then use the `uri` module to simulate a webhook request for the payload, capturing and analyzing the response codes in the `slack_response` variable. We then use a conditional statement to check for a `404` error response code and a server-side error response code (greater than or equal to `500`). If either condition is met, the `fail` module stops playbook execution, indicating the presence of potential bugs in the compiler.

Subtask 2:
The first code snippet initiates a test using the `uri` module, sending a POST request to the specified Slack webhook URL with the payload provided in the `slack_message_payload` variable. The `status_code` parameter specifies that we expect to receive a `200` response code. By capturing the response in the `slack_response` variable, we can then analyze it for errors.

The second code snippet checks for a `404` error within the `slack_response` by using a conditional with the `fail` module. The `fail` module will stop playbook execution and alert the user of the error message, indicating the presence of potential bugs in the compiler.

The third code snippet checks for a server-side error in the `slack_response`. If the `slack_response.status` variable is greater than or equal to `500`, the `fail` module will stop playbook execution and alert the user of the error message, indicating the presence of potential bugs in the compiler.

These code snippets help us identify potential bugs in the Ansible compiler by testing for errors in the Slack webhook simulation. By checking for a `404` error and server-side errors, we can ensure that the compiler correctly handles erroneous requests and responses.

Subtask 3:
The generated Ansible code snippets are readable and maintainable, making them easily adaptable for testing similar vulnerabilities in the future. The code snippets are also concise, enhancing their performance and reducing the likelihood of introducing errors or issues.

However, there is room for improvement in the generated playbook's effectiveness. For instance, we can add additional tests to capture other potential errors, such as authentication errors. Additionally, we can add task-level handlers to improve the playbook's maintainability and flexibility. By incorporating these and other adjustments, we can enhance the playbook's ability to thoroughly test the identified vulnerabilities and weaknesses within the compiler, uncovering any potential bugs.","
- hosts: localhost
  connection: local
  gather_facts: no

  vars:
    slack_webhook_url: ""https://hooks.slack.com/services/T00000000/B00000000/XXXXXXXXXXXXXXXXXXXXXXXX""
    slack_message_payload: ""{'text': 'Test Message'}""

  tasks:
    - name: Test Slack Webhook using uri module
      uri:
        url: ""{{ slack_webhook_url }}""
        method: POST
        body_format: json
        body: ""{{ slack_message_payload }}""
        status_code: 200
        return_content: yes
      register: slack_response

    - name: Check for 404 error in Slack Webhook response
      fail:
        msg: ""404 Error in webhook response""
      when: slack_response.status == 404

    - name: Check for server-side error in Slack Webhook response
      fail:
        msg: ""Server Error in webhook response""
      when: slack_response.status >= 500
",1
